id;investment;week_id
7558;376.8;1
7571;261.55;1
7573;0;1
7595;780.54;1
7608;427.9;1
7609;948.17;1
7611;0;1
7630;0;1
7632;0;1
7634;305.94;1
7644;0;1
7646;0;1
7654;0;1
7656;0;1
7660;0;1
7671;0;1
7673;0;1
7675;0;1
7676;0;1
7685;0;1
7696;0;1
7710;0;1
7711;365.86;1
7714;0;1
7723;0;1
7735;0;1
7749;0;1
7754;0;1
7758;0;1
7762;346.58;1
7765;0;1
7772;0;1
7773;0;1
7778;630.02;1
7786;0;1
7789;0;1
7792;0;1
7794;0;1
7802;0;1
7808;0;1
7810;0;1
7816;0;1
7821;0;1
7825;827.09;1
7831;0;1
7834;0;1
7865;0;1
7869;0;1
7873;0;1
7884;819.03;1
7892;0;1
7894;0;1
7903;0;1
7929;0;1
7931;509.93;1
7933;0;1
7936;265.07;1
7939;0;1
7951;410.97;1
7961;0;1
7964;0;1
7965;268.6;1
7971;0;1
7986;307.45;1
7996;0;1
8012;0;1
8015;333.69;1
8029;0;1
8038;0;1
8042;528.18;1
8045;16502.86;1
8047;257.26;1
8049;0;1
8052;0;1
8062;0;1
8063;0;1
8071;332.51;1
8074;378.55;1
8096;0;1
8103;1041.98;1
8107;402.76;1
8109;0;1
8125;0;1
8130;2618.64;1
8135;0;1
8158;263.33;1
8169;0;1
8186;253.18;1
8187;0;1
8188;225.25;1
8206;2272.19;1
8213;0;1
8215;0;1
8219;265.02;1
8229;0;1
8230;286.72;1
8232;0;1
8234;0;1
8237;0;1
8238;436.52;1
8245;337.7;1
8247;0;1
8251;291.83;1
8257;361.77;1
8267;0;1
8279;0;1
8281;0;1
8283;641.59;1
8285;0;1
8287;0;1
8288;0;1
8290;278.12;1
8307;0;1
8312;0;1
8325;0;1
8329;0;1
8332;0;1
8334;0;1
8339;0;1
8343;0;1
8350;0;1
8375;0;1
8387;0;1
8392;0;1
8399;0;1
8406;0;1
8408;0;1
8409;0;1
8412;0;1
8421;0;1
8427;0;1
8428;0;1
8437;0;1
8446;0;1
8447;0;1
8463;0;1
8466;0;1
8484;366.85;1
8488;619.61;1
8490;0;1
8491;885.21;1
8498;0;1
8519;0;1
8524;0;1
8532;604.96;1
8548;0;1
8564;0;1
8576;0;1
8585;772.17;1
8591;338.66;1
8614;0;1
8617;376.94;1
8624;0;1
8625;0;1
8629;987.24;1
8639;0;1
8641;0;1
8658;0;1
8668;0;1
8670;0;1
8679;0;1
8696;360.19;1
8704;0;1
8711;0;1
8718;0;1
8720;0;1
8726;345.81;1
8736;0;1
8737;0;1
8752;0;1
8756;0;1
8763;0;1
8774;0;1
8776;0;1
8788;320.82;1
8793;0;1
8798;0;1
8803;0;1
8809;0;1
8824;0;1
8827;286.54;1
8849;0;1
8850;806.62;1
8856;0;1
8860;0;1
8867;0;1
8883;0;1
8885;0;1
8899;0;1
8900;0;1
8909;0;1
8912;274.76;1
8914;0;1
8936;366.88;1
8941;0;1
8944;0;1
8954;0;1
8983;371.93;1
8984;816.14;1
8992;0;1
8993;0;1
8995;0;1
8999;0;1
9010;379.26;1
9056;0;1
9068;0;1
9072;0;1
9079;0;1
9083;0;1
9086;265.85;1
9087;0;1
9091;0;1
9104;400.66;1
9111;1990;1
9114;0;1
9117;0;1
9122;0;1
9124;0;1
9125;0;1
9127;0;1
9134;287.99;1
9141;0;1
9156;0;1
9157;0;1
9158;0;1
9159;0;1
9164;0;1
9186;582.91;1
9195;836.99;1
9199;0;1
9200;429.92;1
9208;583.07;1
9219;0;1
9222;0;1
9223;0;1
9230;0;1
9237;3131.91;1
9259;742.36;1
9269;0;1
9277;286.75;1
9278;242.42;1
9280;559.36;1
9285;0;1
9328;0;1
9329;0;1
9332;0;1
9357;0;1
9358;386.5;1
9363;284.26;1
9366;273.9;1
9367;0;1
9372;370.94;1
9377;249.86;1
9401;512.67;1
9407;0;1
9414;354.61;1
9416;0;1
9422;460.06;1
9443;0;1
9445;0;1
9448;0;1
9450;0;1
9451;0;1
9455;0;1
9457;307.72;1
9464;252.32;1
9472;0;1
9475;0;1
9490;0;1
9492;0;1
9496;279.83;1
9510;0;1
9511;0;1
9514;0;1
9518;396.51;1
9521;0;1
9526;0;1
9531;0;1
9546;355.93;1
9558;0;1
9580;0;1
9588;0;1
9591;0;1
9635;0;1
9636;0;1
9643;1432.04;1
9653;0;1
9666;352.07;1
9673;0;1
9674;0;1
9677;0;1
9681;128.4;1
9713;0;1
9715;321.91;1
9717;328.15;1
9718;0;1
9738;0;1
9756;1018.61;1
9758;0;1
9761;848.69;1
9781;0;1
9787;1343.87;1
9800;0;1
9810;0;1
9814;0;1
9826;0;1
9849;0;1
9877;0;1
9891;0;1
9898;1322.46;1
9904;0;1
9907;0;1
9910;0;1
9925;213.45;1
9933;0;1
9952;0;1
9955;0;1
9959;0;1
9965;0;1
9972;259.97;1
9984;506.68;1
9985;458.68;1
9992;0;1
10048;0;1
10051;0;1
10055;346.5;1
10065;0;1
10068;0;1
10069;0;1
10100;288.04;1
10123;0;1
10130;1048.26;1
10133;0;1
10143;243.74;1
10150;0;1
10155;0;1
10165;0;1
10168;0;1
10170;1529.61;1
10176;304.45;1
10179;0;1
10183;0;1
10188;524.02;1
10193;0;1
10196;0;1
10197;299.17;1
10198;0;1
10205;0;1
10207;0;1
10212;0;1
10218;0;1
10231;1120.83;1
10235;0;1
10236;0;1
10244;0;1
10246;0;1
10250;346.77;1
10252;0;1
10257;0;1
10262;0;1
10266;308.16;1
10276;0;1
10298;315.11;1
10303;0;1
10309;0;1
10323;0;1
10324;0;1
10333;0;1
10335;0;1
10339;0;1
10341;0;1
10359;0;1
10361;254.03;1
10365;500.81;1
10372;0;1
10377;0;1
10384;0;1
10385;0;1
10399;0;1
10400;0;1
10409;0;1
10410;0;1
10421;978.6;1
10435;644.22;1
10453;0;1
10454;0;1
10463;0;1
10473;0;1
10478;0;1
10503;0;1
10506;351.91;1
10513;0;1
10526;0;1
10528;0;1
10536;0;1
10539;0;1
10543;0;1
10550;377.31;1
10580;0;1
10590;0;1
10603;0;1
10609;0;1
10613;242.79;1
10625;0;1
10645;0;1
10654;989.49;1
10657;349.91;1
10658;0;1
10684;0;1
10694;0;1
10696;0;1
10697;0;1
10699;0;1
10706;788.44;1
10710;0;1
10711;0;1
10720;0;1
10724;0;1
10727;2092.22;1
10740;282.07;1
10749;0;1
10758;0;1
10764;0;1
10770;341;1
10774;388.16;1
10775;0;1
10778;0;1
10782;0;1
10795;0;1
10799;0;1
10810;528.08;1
10813;2637.65;1
10824;292.32;1
10825;1016.12;1
10829;0;1
10835;0;1
10848;0;1
10853;0;1
10861;0;1
10862;240.48;1
10874;943.69;1
10875;0;1
10880;334.68;1
10884;0;1
10889;0;1
10891;0;1
10899;0;1
10901;249.14;1
10907;354.55;1
10918;289.07;1
10938;0;1
10942;0;1
10944;0;1
10948;0;1
10957;0;1
10974;0;1
10975;0;1
10982;0;1
11000;0;1
11019;0;1
11039;0;1
11055;0;1
11064;271.45;1
11067;0;1
11074;0;1
11080;0;1
11093;0;1
11099;352.86;1
11110;0;1
11111;1367.17;1
11113;0;1
11120;285.67;1
11125;0;1
11128;0;1
11158;0;1
11160;0;1
11177;0;1
11200;0;1
11208;0;1
11215;0;1
11231;435.73;1
11274;0;1
11286;0;1
11290;540.69;1
11291;309.1;1
11303;0;1
11307;0;1
11327;0;1
11331;0;1
11342;507.5;1
11348;0;1
11349;0;1
11367;0;1
11380;0;1
11399;0;1
11405;525.79;1
11408;316.29;1
11411;0;1
11423;0;1
11443;0;1
11445;0;1
11457;0;1
11459;0;1
11464;0;1
11467;0;1
11474;319.14;1
11475;0;1
11488;0;1
11495;278.92;1
11497;0;1
11500;372.91;1
11508;0;1
11518;0;1
11535;0;1
11537;0;1
11541;0;1
11573;0;1
11574;0;1
11577;0;1
11581;0;1
11584;0;1
11595;0;1
11599;1194.34;1
11608;0;1
11618;0;1
11621;0;1
11622;908.5;1
11624;0;1
11628;415.22;1
11632;0;1
11647;0;1
11664;0;1
11665;0;1
11670;0;1
11688;0;1
11694;0;1
11695;0;1
11706;278.47;1
11708;0;1
11713;0;1
11719;0;1
11726;0;1
11745;257.92;1
11748;0;1
11750;0;1
11754;459.94;1
11756;0;1
11760;0;1
11772;0;1
11780;0;1
11799;5791.63;1
11801;345.63;1
11814;0;1
11815;0;1
11828;452.18;1
11830;0;1
11832;322.25;1
11833;0;1
11834;0;1
11835;0;1
11842;0;1
11851;458.04;1
11864;1447.51;1
11874;438.35;1
11904;0;1
11917;310.22;1
11938;607.88;1
11943;0;1
11955;257.02;1
11956;0;1
11965;0;1
11974;0;1
11988;275.12;1
11998;282.75;1
12006;739.48;1
12027;0;1
12028;339.07;1
12033;0;1
12035;419.21;1
12036;349.46;1
12044;0;1
12052;0;1
12054;0;1
12068;325.19;1
12069;0;1
12071;0;1
12073;0;1
12081;0;1
12084;267.36;1
12095;0;1
12107;0;1
12138;0;1
12147;636.74;1
12158;0;1
12163;285.86;1
12181;501.17;1
12185;0;1
12187;0;1
12190;434.35;1
12200;0;1
12202;0;1
12228;0;1
12231;0;1
12239;925.02;1
12246;2373.69;1
12257;305.47;1
12269;0;1
12281;0;1
12290;0;1
12294;0;1
12304;0;1
12310;0;1
12311;293.43;1
12313;913.23;1
12331;0;1
12346;0;1
12363;0;1
12366;0;1
12380;0;1
12383;0;1
12385;2043.97;1
12389;0;1
12391;343.55;1
12392;290.93;1
12393;295.99;1
12407;0;1
12423;275.28;1
12429;0;1
12431;0;1
12437;0;1
12439;0;1
12443;0;1
12451;0;1
12462;0;1
12478;693.64;1
12490;0;1
12497;0;1
12506;0;1
12507;285.58;1
12516;350.3;1
12519;290.81;1
12528;0;1
12529;0;1
12533;439.66;1
12534;0;1
12536;815.27;1
12540;0;1
12544;0;1
12545;0;1
12547;0;1
12555;0;1
12564;799.94;1
12574;0;1
12575;0;1
12595;0;1
12598;0;1
12601;0;1
12605;0;1
12614;0;1
12617;0;1
12621;665.81;1
12627;0;1
12635;359.02;1
12638;0;1
12640;0;1
12641;921.31;1
12645;638.43;1
12660;417.88;1
12668;0;1
12671;0;1
12673;0;1
12680;0;1
12691;0;1
12693;0;1
12695;0;1
12704;0;1
12711;0;1
12717;0;1
12725;0;1
12735;0;1
12739;0;1
12742;0;1
12765;0;1
12767;478.32;1
12777;1495.89;1
12780;0;1
12781;0;1
12790;0;1
12807;0;1
12819;0;1
12833;0;1
12844;1439.28;1
12860;0;1
12866;0;1
12869;0;1
12872;0;1
12881;0;1
12887;600.27;1
12894;0;1
12897;0;1
12912;0;1
12918;0;1
12923;312.85;1
12929;0;1
12953;0;1
12954;0;1
12961;0;1
12964;271.26;1
12983;0;1
12992;0;1
12998;0;1
13015;0;1
13021;0;1
13022;505.91;1
13023;0;1
13037;0;1
13047;421.28;1
13059;347.64;1
13060;0;1
13066;755.9;1
13068;283.96;1
13069;0;1
13071;0;1
13081;258.93;1
13089;284.42;1
13105;0;1
13118;0;1
13128;0;1
13131;0;1
13137;0;1
13143;0;1
13144;0;1
13151;0;1
13155;0;1
13157;0;1
13164;0;1
13166;0;1
13173;0;1
13175;0;1
13184;0;1
13194;0;1
13195;0;1
13200;0;1
13216;605.37;1
13217;0;1
13218;0;1
13223;312.8;1
13235;0;1
13240;658.4;1
13246;0;1
13251;0;1
13253;418.36;1
13256;0;1
13258;0;1
13267;276.52;1
13273;0;1
13284;257.75;1
13290;607.23;1
13295;0;1
13309;0;1
13330;0;1
13335;1919.2;1
13344;0;1
13346;0;1
13347;398.58;1
13358;0;1
13363;293.22;1
13383;0;1
13399;1042.29;1
13404;0;1
13425;0;1
13427;0;1
13435;0;1
13443;0;1
13446;0;1
13457;0;1
13458;0;1
13473;0;1
13476;0;1
13488;0;1
13498;0;1
13500;285.79;1
13513;0;1
13514;0;1
13517;0;1
13519;0;1
13526;306.56;1
13535;0;1
13537;0;1
13544;0;1
13550;334.38;1
13553;0;1
13571;816.47;1
13578;0;1
13585;0;1
13587;0;1
13589;1120.96;1
13592;0;1
13594;0;1
13595;0;1
13613;0;1
13621;0;1
13631;0;1
13648;0;1
13655;0;1
13660;0;1
13673;0;1
13675;265.46;1
13676;1651.48;1
13680;0;1
13682;0;1
13683;1136.81;1
13684;0;1
13686;332.49;1
13691;0;1
13696;0;1
13699;0;1
13702;316.91;1
13704;0;1
13705;0;1
13717;0;1
13718;242.64;1
13721;0;1
13722;0;1
13723;367.24;1
13728;0;1
13741;984.25;1
13743;0;1
13749;855.43;1
13754;247.09;1
13760;0;1
13776;0;1
13780;0;1
13785;0;1
13787;0;1
13797;240.87;1
13806;0;1
13811;0;1
13815;0;1
13818;0;1
13837;0;1
13854;0;1
13855;0;1
13862;370.47;1
13867;0;1
13880;0;1
13898;0;1
13906;0;1
13917;301.65;1
13918;0;1
13922;0;1
13926;0;1
13933;277.86;1
13940;0;1
13948;0;1
13954;0;1
13960;0;1
13974;0;1
13980;0;1
13985;0;1
13989;0;1
13992;0;1
14009;0;1
14015;343.26;1
14021;279.35;1
14023;286.7;1
14026;0;1
14028;0;1
14032;0;1
14034;0;1
14038;0;1
14066;0;1
14070;0;1
14076;0;1
14090;279.12;1
14095;453.62;1
14104;0;1
14124;0;1
14148;0;1
14149;255.34;1
14153;0;1
14155;0;1
14159;0;1
14161;257.78;1
14162;324.47;1
14168;0;1
14197;0;1
14202;0;1
14205;802.2;1
14218;530.4;1
14221;0;1
14227;0;1
14252;0;1
14273;0;1
14291;0;1
14302;0;1
14306;0;1
14309;0;1
14321;0;1
14345;0;1
14363;0;1
14377;0;1
14385;396.11;1
14393;5511.98;1
14402;0;1
14409;264.37;1
14411;0;1
14414;0;1
14434;0;1
14446;0;1
14453;0;1
14454;0;1
14456;0;1
14457;0;1
14464;217.75;1
14470;337.64;1
14471;0;1
14472;0;1
14477;0;1
14483;0;1
14490;0;1
14493;400.06;1
14498;0;1
14499;436.08;1
14506;0;1
14507;584.46;1
14537;0;1
14548;0;1
14555;0;1
14560;713.38;1
14580;372.31;1
14600;0;1
14602;565.37;1
14603;484.21;1
14618;937.07;1
14619;0;1
14621;0;1
14629;0;1
14630;0;1
14657;0;1
14662;0;1
14663;0;1
14683;286.98;1
14694;0;1
14695;0;1
14708;0;1
14713;0;1
14714;542.24;1
14722;0;1
14730;0;1
14741;0;1
14743;436.24;1
14744;299.92;1
14747;0;1
14755;0;1
14757;243.41;1
14761;0;1
14765;0;1
14770;445.06;1
14782;0;1
14786;0;1
14790;0;1
14799;228.79;1
14811;0;1
14823;275.84;1
14850;0;1
14851;0;1
14861;0;1
14880;0;1
14881;1470.79;1
14884;0;1
14888;0;1
14896;0;1
14904;0;1
14924;0;1
14932;1069.08;1
14934;0;1
14937;0;1
14943;0;1
14950;0;1
14964;0;1
14970;0;1
14972;0;1
14984;0;1
14990;409.4;1
15003;282.09;1
15021;444.16;1
15026;0;1
15034;0;1
15036;0;1
15042;0;1
15046;0;1
15057;0;1
15058;0;1
15059;0;1
15066;0;1
15068;0;1
15073;0;1
15086;443.05;1
15094;0;1
15101;0;2
15109;0;2
15113;0;2
15123;387.23;2
15128;1130.25;2
15132;1000.99;2
15133;0;2
15135;0;2
15137;0;2
15145;0;2
15161;0;2
15182;0;2
15190;0;2
15192;502.85;2
15196;0;2
15199;0;2
15220;0;2
15221;347.95;2
15223;0;2
15227;0;2
15234;0;2
15255;0;2
15272;0;2
15274;1884.19;2
15284;0;2
15285;0;2
15289;0;2
15292;0;2
15313;580.94;2
15315;0;2
15316;0;2
15321;0;2
15349;0;2
15361;0;2
15368;0;2
15372;0;2
15387;0;2
15409;505.68;2
15410;0;2
15434;0;2
15446;451.97;2
15452;675.66;2
15471;0;2
15477;384.27;2
15486;0;2
15492;0;2
15508;452.37;2
15527;0;2
15528;0;2
15532;0;2
15537;0;2
15543;0;2
15546;0;2
15547;0;2
15552;525.1;2
15563;0;2
15574;0;2
15579;0;2
15597;0;2
15608;0;2
15612;0;2
15619;0;2
15643;1245.02;2
15644;0;2
15647;0;2
15662;0;2
15666;0;2
15678;0;2
15681;0;2
15684;994.81;2
15687;0;2
15698;0;2
15710;0;2
15711;0;2
15716;322.47;2
15729;0;2
15735;0;2
15750;402.94;2
15755;621.95;2
15790;0;2
15791;0;2
15795;0;2
15799;0;2
15804;0;2
15814;0;2
15836;0;2
15838;0;2
15844;506.72;2
15848;0;2
15857;0;2
15859;0;2
15860;0;2
15866;0;2
15877;0;2
15883;0;2
15892;0;2
15896;0;2
15917;2509.32;2
15934;0;2
15942;424.81;2
15946;0;2
15948;0;2
15951;0;2
15956;751.34;2
15972;0;2
15982;0;2
15983;0;2
15985;0;2
15992;0;2
16031;0;2
16043;0;2
16073;601.34;2
16074;0;2
16079;0;2
16082;0;2
16091;0;2
16093;0;2
16095;0;2
16102;0;2
16109;0;2
16113;0;2
16117;0;2
16131;0;2
16136;770.51;2
16138;871.88;2
16151;514.57;2
16155;0;2
16174;0;2
16195;0;2
16202;1171.63;2
16203;0;2
16204;533.54;2
16210;342.52;2
16216;0;2
16219;0;2
16237;0;2
16245;0;2
16253;0;2
16261;0;2
16276;485.22;2
16292;0;2
16295;0;2
16300;0;2
16349;0;2
16381;0;2
16392;0;2
16394;0;2
16395;5774.19;2
16402;0;2
16408;0;2
16411;0;2
16415;0;2
16432;0;2
16449;0;2
16464;0;2
16479;447.33;2
16483;0;2
16484;0;2
16490;0;2
16497;0;2
16536;0;2
16556;548.21;2
16565;0;2
16577;0;2
16607;0;2
16627;753.1;2
16637;0;2
16638;0;2
16639;326.01;2
16644;712.36;2
16650;0;2
16657;0;2
16659;0;2
16672;0;2
16673;0;2
16676;1711.97;2
16691;0;2
16708;379.54;2
16750;0;2
16752;834.39;2
16764;0;2
16777;1572.34;2
16807;0;2
16810;589.99;2
16826;0;2
16835;0;2
16840;0;2
16851;0;2
16856;0;2
16864;457.83;2
16882;0;2
16898;0;2
16905;0;2
16936;0;2
16945;0;2
16953;0;2
16969;821.86;2
16974;0;2
16987;0;2
16992;0;2
17002;0;2
17012;1004.44;2
17022;0;2
17031;2128.68;2
17043;0;2
17044;0;2
17076;598.04;2
17079;0;2
17080;0;2
17102;0;2
17104;0;2
17107;5795.27;2
17110;0;2
17115;427.29;2
17119;0;2
17123;0;2
17126;0;2
17127;712.12;2
17144;0;2
17156;0;2
17160;0;2
17185;514.58;2
17190;0;2
17220;0;2
17232;0;2
17244;0;2
17248;0;2
17256;388.88;2
17260;822.99;2
17262;325.23;2
17271;0;2
17273;0;2
17276;0;2
17278;849.02;2
17283;0;2
17284;897.09;2
17292;0;2
17295;0;2
17308;0;2
17314;0;2
17317;2135.81;2
17319;0;2
17322;0;2
17342;0;2
17344;0;2
17349;0;2
17363;0;2
17371;0;2
17377;0;2
17391;0;2
17399;0;2
17400;304.07;2
17401;0;2
17404;0;2
17405;0;2
17417;0;2
17419;0;2
17421;0;2
17460;0;2
17466;0;2
17488;0;2
17491;0;2
17493;1442.25;2
17503;277.46;2
17518;943.22;2
17519;0;2
17524;0;2
17541;0;2
17545;0;2
17547;0;2
17548;616.8;2
17561;0;2
17565;752.89;2
17566;0;2
17569;0;2
17576;0;2
17597;0;2
17603;0;2
17620;0;2
17628;0;2
17656;0;2
17660;0;2
17661;0;2
17662;0;2
17664;436.92;2
17667;0;2
17680;0;2
17681;0;2
17683;986.95;2
17684;1710.56;2
17685;0;2
17704;0;2
17728;0;2
17745;0;2
17758;0;2
17763;0;2
17770;0;2
17785;0;2
17790;0;2
17801;0;2
17813;727.61;2
17815;0;2
17822;0;2
17823;0;2
17829;0;2
17832;0;2
17842;0;2
17843;0;2
17846;0;2
17851;0;2
17877;0;2
17888;0;2
17898;0;2
17913;0;2
17915;918.23;2
17925;0;2
17927;0;2
17929;0;2
17931;0;2
17936;731.45;2
17937;0;2
17957;0;2
17960;499.56;2
17971;0;2
17974;4751.23;2
17992;0;2
17993;1544.73;2
17997;0;2
18005;0;2
18015;0;2
18046;486.13;2
18047;0;2
18050;459.31;2
18053;615.94;2
18058;466.07;2
18061;0;2
18073;0;2
18092;0;2
18093;0;2
18110;0;2
18121;0;2
18126;0;2
18137;1205.84;2
18139;595.33;2
18149;867.95;2
18151;0;2
18162;0;2
18163;0;2
18164;595.83;2
18168;0;2
18169;498.47;2
18198;0;2
18201;634.85;2
18204;361.26;2
18205;0;2
18213;0;2
18215;901.1;2
18217;1466.84;2
18242;0;2
18244;0;2
18248;0;2
18254;0;2
18256;0;2
18257;0;2
18264;0;2
18272;0;2
18277;0;2
18279;0;2
18283;0;2
18285;333.71;2
18287;1541.1;2
18307;0;2
18318;2948.94;2
18326;0;2
18342;478.07;2
18347;663.21;2
18348;0;2
18362;0;2
18365;0;2
18378;641.16;2
18380;774.38;2
18384;0;2
18390;0;2
18392;0;2
18398;0;2
18403;0;2
18419;0;2
18425;0;2
18459;0;2
18464;0;2
18466;0;2
18469;0;2
18470;0;2
18472;0;2
18475;0;2
18478;0;2
18484;0;2
18485;0;2
18496;0;2
18503;1992.05;2
18510;0;2
18560;0;2
18562;0;2
18563;1229.05;2
18574;0;2
18590;1039.87;2
18598;1341.24;2
18600;808.82;2
18606;1607.18;2
18617;0;2
18630;0;2
18635;966.59;2
18637;0;2
18644;0;2
18650;0;2
18654;398.91;2
18656;0;2
18673;0;2
18678;0;2
18682;0;2
18684;0;2
18685;0;2
18720;0;2
18732;0;2
18742;0;2
18747;0;2
18755;0;2
18783;0;2
18797;0;2
18813;584.48;2
18822;0;2
18827;0;2
18832;1983.46;2
18841;0;2
18845;0;2
18857;0;2
18859;0;2
18860;0;2
18867;0;2
18876;615.2;2
18880;0;2
18887;0;2
18890;0;2
18891;0;2
18896;504.6;2
18907;1027.76;2
18926;0;2
18928;0;2
18931;0;2
18937;0;2
18940;0;2
18943;1664.22;2
18944;0;2
18945;0;2
18948;0;2
18954;0;2
18965;0;2
18966;0;2
18970;0;2
18971;593.75;2
18972;0;2
18983;0;2
18988;0;2
18989;0;2
18996;0;2
19001;386.7;2
19064;0;2
19069;0;2
19076;0;2
19097;0;2
19105;0;2
19110;0;2
19136;0;2
19138;0;2
19147;0;2
19160;0;2
19170;0;2
19181;0;2
19182;1660.13;2
19186;2123.64;2
19188;0;2
19204;0;2
19210;0;2
19211;0;2
19213;0;2
19217;0;2
19223;0;2
19231;1108.67;2
19232;0;2
19233;0;2
19240;0;2
19241;0;2
19243;3745.81;2
19250;0;2
19258;0;2
19262;1121.35;2
19265;0;2
19283;0;2
19292;0;2
19308;0;2
19316;0;2
19320;0;2
19328;0;2
19331;0;2
19338;330.69;2
19341;0;2
19343;940.85;2
19353;0;2
19356;569.65;2
19379;0;2
19389;0;2
19390;0;2
19401;0;2
19402;0;2
19413;0;2
19415;0;2
19420;0;2
19430;0;2
19433;0;2
19436;842.29;2
19439;834.97;2
19442;0;2
19477;0;2
19478;2353.38;2
19481;382.87;2
19490;0;2
19491;0;2
19496;0;2
19515;0;2
19516;0;2
19521;0;2
19526;0;2
19540;0;2
19549;733.16;2
19558;0;2
19566;0;2
19577;0;2
19582;0;2
19589;0;2
19594;540.54;2
19598;0;2
19601;0;2
19602;0;2
19607;432.53;2
19613;0;2
19630;0;2
19634;789.67;2
19658;0;2
19659;0;2
19665;2376.51;2
19675;384.95;2
19678;0;2
19686;0;2
19688;1908.66;2
19699;0;2
19702;0;2
19714;0;2
19718;0;2
19746;0;2
19748;0;2
19770;0;2
19772;0;2
19774;0;2
19776;0;2
19783;409.88;2
19786;0;2
19795;0;2
19797;1253.38;2
19802;0;2
19814;0;2
19818;0;2
19823;0;2
19825;0;2
19832;0;2
19839;0;2
19840;1355.29;2
19862;0;2
19886;0;2
19889;0;2
19897;1035.87;2
19898;0;2
19908;0;2
19922;0;2
19940;714.33;2
19945;1971.17;2
19955;0;2
19962;0;2
19963;842.01;2
19991;0;2
20007;0;2
20009;320.1;2
20016;0;2
20024;0;2
20034;589.01;2
20038;0;2
20047;0;2
20050;0;2
20054;608.86;2
20059;0;2
20063;0;2
20068;0;2
20082;0;2
20088;0;2
20091;0;2
20092;0;2
20098;0;2
20099;0;2
20103;0;2
20104;0;2
20115;575.23;2
20127;0;2
20134;369.48;2
20137;0;2
20158;926.65;2
20161;381.84;2
20162;0;2
20171;4102.11;2
20176;504.99;2
20182;0;2
20184;0;2
20193;0;2
20216;0;2
20219;0;2
20220;0;2
20225;1323.53;2
20228;1303.59;2
20235;0;2
20238;541.18;2
20259;0;2
20261;531.95;2
20266;0;2
20267;0;2
20287;0;2
20304;0;2
20306;0;2
20307;462.76;2
20311;0;2
20312;0;2
20324;906.25;2
20328;567.92;2
20333;0;2
20376;4259.47;2
20380;949.98;2
20388;0;2
20389;0;2
20399;0;2
20413;0;2
20417;0;2
20433;491.45;2
20450;0;2
20454;0;2
20485;0;2
20492;0;2
20505;0;2
20516;0;2
20529;596.92;2
20552;0;2
20558;0;2
20559;0;2
20564;0;2
20567;0;2
20569;416.52;2
20571;0;2
20581;481.25;2
20584;0;2
20586;0;2
20592;827.66;2
20602;525.64;2
20613;0;2
20623;0;2
20629;0;2
20637;0;2
20640;998.91;2
20665;366.81;2
20677;0;2
20679;0;2
20699;0;2
20716;0;2
20730;0;2
20737;1288.84;2
20746;549.2;2
20750;0;2
20760;0;2
20771;593.38;2
20773;0;2
20774;0;2
20780;0;2
20785;0;2
20798;555.02;2
20805;0;2
20810;0;2
20812;0;2
20842;0;2
20853;786.78;2
20880;0;2
20884;0;2
20886;0;2
20887;0;2
20908;0;2
20918;0;2
20922;0;2
20925;0;2
20939;0;2
20943;0;2
20950;0;2
20964;0;2
20965;0;2
20969;1160.38;2
20975;0;2
20997;0;2
21001;0;2
21009;0;2
21012;0;2
21022;509.28;2
21024;0;2
21027;844.07;2
21034;0;2
21077;0;2
21083;0;2
21093;0;2
21097;890.97;2
21107;0;2
21122;1761.57;2
21123;665.05;2
21129;0;2
21130;0;2
21134;1393.16;2
21146;0;2
21156;0;2
21161;0;2
21162;0;2
21174;0;2
21181;0;2
21188;550.3;2
21189;0;2
21192;0;2
21200;675.36;2
21201;544.15;2
21203;0;2
21210;1072.15;2
21214;0;2
21222;0;2
21224;1093.96;2
21229;0;2
21234;0;2
21257;641.66;2
21258;0;2
21274;0;2
21281;0;2
21297;0;2
21298;1843.87;2
21306;0;2
21318;0;2
21358;0;2
21363;0;2
21365;0;2
21367;0;2
21368;0;2
21404;855.26;2
21419;0;2
21436;0;2
21448;0;2
21457;0;2
21462;0;2
21477;0;2
21485;0;2
21490;453.86;2
21493;0;2
21501;0;2
21511;494.75;2
21515;688.98;2
21520;0;2
21522;0;2
21526;0;2
21542;0;2
21560;0;2
21585;0;2
21601;1223.65;2
21613;0;2
21627;0;2
21634;0;2
21640;0;2
21641;0;2
21646;0;2
21653;0;2
21658;0;2
21673;0;2
21675;0;2
21699;0;2
21701;0;2
21702;990.52;2
21706;0;2
21712;3873.25;2
21715;565.05;2
21716;587.27;2
21717;0;2
21720;0;2
21742;621.42;2
21748;410.68;2
21750;0;2
21754;290.31;2
21772;0;2
21786;0;2
21787;0;2
21810;0;2
21811;0;2
21814;0;2
21820;0;2
21821;0;2
21826;0;2
21833;0;2
21840;1414.4;2
21849;0;2
21857;0;2
21874;908.5;2
21879;0;2
21881;0;2
21882;0;2
21883;0;2
21892;0;2
21894;0;2
21904;343.32;2
21915;0;2
21920;0;2
21921;0;2
21924;0;2
21951;0;2
21958;0;2
21960;0;2
21961;2147.14;2
21963;0;2
21989;0;2
21992;0;2
21997;0;2
22000;460.94;2
22001;0;2
22010;0;2
22034;0;2
22038;0;2
22045;0;2
22056;0;2
22066;855.12;2
22068;0;2
22078;0;2
22082;0;2
22096;0;2
22104;0;2
22105;1341.28;2
22107;553.46;2
22130;1638.69;2
22133;0;2
22138;0;2
22144;0;2
22168;0;2
22174;0;2
22192;0;2
22194;0;2
22199;0;2
22206;0;2
22216;0;2
22222;0;2
22245;0;2
22246;0;2
22252;0;2
22253;0;2
22276;0;2
22278;0;2
22286;748.2;2
22300;0;2
22303;0;2
22308;0;2
22311;0;2
22319;0;2
22321;850.8;2
22331;0;2
22332;321.84;2
22348;0;2
22352;1108.12;2
22358;0;2
22364;0;2
22390;579.31;2
22392;0;2
22406;0;2
22415;0;2
22418;0;2
22423;0;2
22453;0;2
22459;0;2
22461;0;2
22465;0;2
22470;0;2
22472;0;2
22486;1107.09;2
22493;1512.68;2
22511;0;2
22567;0;2
22581;0;2
22589;0;2
22592;0;2
22605;1535.93;2
22617;0;2
22619;0;2
22629;0;2
22630;0;2
22631;0;2
22655;0;3
22658;1445.81;3
22662;0;3
22665;0;3
22670;774.29;3
22680;0;3
22683;1202.22;3
22684;0;3
22689;0;3
22718;0;3
22755;0;3
22758;0;3
22759;0;3
22763;0;3
22769;0;3
22788;0;3
22790;0;3
22791;0;3
22843;409.94;3
22847;0;3
22864;0;3
22891;0;3
22894;0;3
22898;0;3
22904;0;3
22912;0;3
22927;0;3
22932;567.36;3
22934;661.91;3
22939;0;3
22945;0;3
22948;0;3
22952;1774.9;3
22953;0;3
22970;503.9;3
22973;0;3
22976;0;3
22977;565.4;3
22978;601.41;3
22986;2434.38;3
23008;0;3
23009;361.83;3
23014;0;3
23027;778.46;3
23035;0;3
23036;1207.68;3
23054;0;3
23060;0;3
23061;646.76;3
23064;0;3
23068;0;3
23086;0;3
23092;0;3
23093;0;3
23102;0;3
23136;396.88;3
23139;0;3
23143;480.08;3
23155;0;3
23161;0;3
23167;0;3
23169;0;3
23171;0;3
23177;513.67;3
23183;702.74;3
23184;0;3
23186;0;3
23198;449.96;3
23203;0;3
23224;0;3
23226;0;3
23234;365.05;3
23242;0;3
23245;0;3
23247;629.65;3
23255;0;3
23260;0;3
23271;0;3
23276;0;3
23277;0;3
23281;0;3
23285;0;3
23288;826.85;3
23297;0;3
23311;0;3
23314;281.01;3
23321;0;3
23322;617.61;3
23325;0;3
23327;0;3
23336;0;3
23341;0;3
23345;0;3
23347;0;3
23357;0;3
23368;716.32;3
23369;0;3
23392;0;3
23406;526.28;3
23431;0;3
23435;0;3
23441;0;3
23453;0;3
23459;0;3
23463;0;3
23468;1695.63;3
23476;0;3
23477;0;3
23480;0;3
23501;650.29;3
23505;0;3
23513;0;3
23522;0;3
23537;0;3
23540;0;3
23563;1214.64;3
23564;959.75;3
23565;609.06;3
23575;0;3
23578;0;3
23605;0;3
23610;0;3
23611;688.75;3
23613;6128.45;3
23616;1536.71;3
23624;0;3
23625;1031.46;3
23627;487.19;3
23631;997.9;3
23635;0;3
23636;0;3
23642;1646.63;3
23644;0;3
23646;0;3
23659;0;3
23664;0;3
23680;0;3
23694;0;3
23700;0;3
23703;0;3
23704;2458.89;3
23730;0;3
23734;0;3
23745;535.53;3
23753;635.13;3
23758;0;3
23760;1335.57;3
23762;0;3
23764;1867.39;3
23773;0;3
23774;0;3
23783;2172.64;3
23788;0;3
23802;0;3
23815;0;3
23831;888.15;3
23837;0;3
23851;0;3
23866;0;3
23873;0;3
23877;0;3
23907;0;3
23909;0;3
23912;0;3
23916;0;3
23926;0;3
23928;0;3
23930;1482.55;3
23941;0;3
23942;0;3
23958;0;3
23965;0;3
23974;537.49;3
23981;0;3
23993;0;3
24004;0;3
24018;0;3
24019;0;3
24022;568.24;3
24030;1162.69;3
24041;0;3
24042;510.78;3
24050;0;3
24051;0;3
24059;0;3
24061;0;3
24063;4773.59;3
24067;0;3
24081;0;3
24108;0;3
24137;403.3;3
24139;0;3
24144;0;3
24148;0;3
24153;0;3
24156;0;3
24157;0;3
24167;0;3
24171;0;3
24202;2328.76;3
24206;0;3
24207;0;3
24223;16487.74;3
24226;0;3
24232;522.69;3
24244;0;3
24245;0;3
24250;0;3
24257;0;3
24265;0;3
24266;0;3
24267;0;3
24278;0;3
24290;0;3
24292;0;3
24308;0;3
24314;0;3
24317;979.51;3
24320;661.3;3
24328;312.56;3
24341;0;3
24359;0;3
24370;0;3
24378;987.06;3
24379;0;3
24383;0;3
24385;0;3
24386;0;3
24390;0;3
24403;0;3
24410;0;3
24419;0;3
24435;1175.73;3
24444;0;3
24457;0;3
24461;0;3
24462;0;3
24470;2649.63;3
24472;0;3
24478;0;3
24489;0;3
24497;0;3
24501;0;3
24502;0;3
24503;0;3
24515;0;3
24519;0;3
24523;0;3
24534;1174.26;3
24537;0;3
24543;0;3
24547;0;3
24548;0;3
24554;0;3
24555;392.68;3
24563;0;3
24565;0;3
24573;0;3
24578;0;3
24579;541.43;3
24585;299.15;3
24587;0;3
24602;0;3
24605;0;3
24615;0;3
24621;0;3
24628;0;3
24634;0;3
24639;0;3
24672;0;3
24679;0;3
24682;0;3
24684;0;3
24696;455.71;3
24697;0;3
24701;0;3
24710;305.75;3
24714;0;3
24724;0;3
24725;0;3
24726;0;3
24728;0;3
24734;0;3
24762;0;3
24784;0;3
24796;0;3
24814;0;3
24820;0;3
24823;0;3
24828;0;3
24836;0;3
24838;207.44;3
24844;0;3
24845;825.24;3
24850;0;3
24855;0;3
24861;0;3
24862;2349.51;3
24866;822.75;3
24868;0;3
24878;0;3
24889;0;3
24898;0;3
24913;0;3
24915;558.74;3
24924;1666.09;3
24930;0;3
24932;0;3
24935;4067.73;3
24940;0;3
24944;0;3
24975;0;3
24996;0;3
25004;684.34;3
25008;0;3
25009;0;3
25022;0;3
25025;0;3
25026;0;3
25029;0;3
25035;0;3
25040;0;3
25048;0;3
25055;405.12;3
25057;0;3
25077;758.77;3
25105;0;3
25107;1015.29;3
25124;0;3
25134;0;3
25168;566.38;3
25173;0;3
25185;493.45;3
25188;0;3
25189;0;3
25205;0;3
25223;0;3
25244;0;3
25246;0;3
25247;0;3
25250;0;3
25251;0;3
25255;0;3
25259;466.61;3
25272;340.01;3
25290;0;3
25322;0;3
25326;590.58;3
25363;487.72;3
25367;0;3
25370;0;3
25383;356.45;3
25385;0;3
25395;0;3
25397;0;3
25400;0;3
25418;262.08;3
25419;0;3
25443;0;3
25445;0;3
25454;0;3
25462;0;3
25479;0;3
25482;0;3
25483;0;3
25502;0;3
25503;0;3
25505;0;3
25508;614.68;3
25529;585.52;3
25534;0;3
25537;580.94;3
25541;0;3
25545;0;3
25561;0;3
25564;0;3
25585;0;3
25589;538.2;3
25598;0;3
25599;334.75;3
25600;0;3
25602;0;3
25618;0;3
25622;0;3
25627;0;3
25628;0;3
25630;0;3
25632;0;3
25633;440;3
25643;0;3
25644;308.57;3
25659;650.68;3
25660;1949.33;3
25673;0;3
25685;910.78;3
25686;0;3
25693;0;3
25697;0;3
25702;868.78;3
25704;0;3
25710;475.63;3
25711;0;3
25717;0;3
25722;448.07;3
25727;593.42;3
25738;504.23;3
25739;0;3
25742;0;3
25750;0;3
25753;0;3
25754;0;3
25757;0;3
25764;0;3
25772;0;3
25777;0;3
25779;0;3
25781;0;3
25787;0;3
25788;0;3
25789;0;3
25790;0;3
25796;0;3
25806;695.2;3
25816;1272.71;3
25817;0;3
25830;0;3
25834;0;3
25846;0;3
25859;0;3
25861;0;3
25862;647.01;3
25887;0;3
25895;0;3
25898;0;3
25902;967.21;3
25904;0;3
25908;0;3
25913;0;3
25923;548.48;3
25936;408.02;3
25942;0;3
25949;0;3
25961;721.78;3
25979;0;3
25980;0;3
25986;0;3
25987;989.33;3
25991;595.56;3
26010;0;3
26016;0;3
26022;0;3
26033;0;3
26052;848.62;3
26053;568.45;3
26056;1163.96;3
26060;0;3
26070;0;3
26077;0;3
26082;0;3
26090;0;3
26103;632.57;3
26113;0;3
26120;0;3
26141;0;3
26157;453.62;3
26158;0;3
26170;0;3
26183;1562.56;3
26188;0;3
26190;0;3
26199;0;3
26209;0;3
26217;0;3
26227;0;3
26238;560.18;3
26239;0;3
26241;826.05;3
26242;0;3
26243;0;3
26248;0;3
26260;331.03;3
26266;0;3
26268;499.68;3
26277;0;3
26280;0;3
26287;0;3
26297;0;3
26315;0;3
26317;0;3
26319;0;3
26324;0;3
26332;0;3
26338;0;3
26345;0;3
26347;0;3
26373;0;3
26374;0;3
26375;0;3
26376;0;3
26377;0;3
26383;0;3
26387;481.71;3
26399;0;3
26413;0;3
26428;1551.73;3
26432;0;3
26439;0;3
26442;0;3
26445;0;3
26446;912.02;3
26471;0;3
26472;0;3
26483;0;3
26485;0;3
26499;0;3
26506;0;3
26507;587.71;3
26509;0;3
26513;0;3
26517;0;3
26538;0;3
26544;0;3
26548;0;3
26553;0;3
26562;0;3
26589;684.25;3
26593;0;3
26598;0;3
26602;0;3
26619;0;3
26622;311.57;3
26628;0;3
26629;0;3
26663;0;3
26673;450.8;3
26675;0;3
26687;0;3
26688;0;3
26694;0;3
26697;928.67;3
26698;0;3
26703;0;3
26704;0;3
26705;0;3
26713;1281.71;3
26727;0;3
26731;0;3
26732;399.35;3
26738;0;3
26747;0;3
26750;0;3
26753;339.05;3
26756;771.81;3
26762;0;3
26771;0;3
26779;779.36;3
26783;0;3
26785;0;3
26788;919.99;3
26789;0;3
26794;0;3
26803;0;3
26822;0;3
26823;0;3
26825;0;3
26827;0;3
26828;0;3
26831;1132.92;3
26833;0;3
26845;529.01;3
26855;0;3
26868;336.58;3
26879;0;3
26880;0;3
26899;0;3
26925;657.48;3
26930;0;3
26963;0;3
26974;326.83;3
26975;0;3
26977;967.99;3
26978;0;3
26986;0;3
26993;450.47;3
26998;0;3
27006;0;3
27034;0;3
27059;0;3
27060;0;3
27067;658.85;3
27077;0;3
27086;0;3
27090;644.06;3
27093;0;3
27101;0;3
27119;712.55;3
27122;0;3
27146;0;3
27164;0;3
27168;2448.11;3
27169;0;3
27185;0;3
27191;0;3
27192;0;3
27194;0;3
27201;764.76;3
27202;0;3
27203;0;3
27210;0;3
27211;0;3
27215;0;3
27216;0;3
27223;0;3
27237;0;3
27239;0;3
27261;0;3
27270;0;3
27273;1800.64;3
27286;0;3
27287;0;3
27288;0;3
27298;0;3
27302;0;3
27311;0;3
27312;0;3
27322;901.26;3
27328;0;3
27332;0;3
27343;1070.35;3
27344;0;3
27383;0;3
27387;1220.8;3
27404;0;3
27407;0;3
27420;0;3
27436;0;3
27437;0;3
27447;0;3
27448;0;3
27450;0;3
27464;0;3
27469;0;3
27475;644.66;3
27477;0;3
27481;0;3
27482;0;3
27483;0;3
27490;0;3
27495;408.06;3
27496;0;3
27498;894.11;3
27503;543.32;3
27506;0;3
27507;1147.6;3
27533;0;3
27542;0;3
27554;550.42;3
27555;553.51;3
27567;357.44;3
27571;0;3
27573;0;3
27581;0;3
27582;0;3
27595;0;3
27608;0;3
27634;0;3
27641;0;3
27644;0;3
27655;0;3
27663;0;3
27673;1409.33;3
27674;0;3
27682;0;3
27686;0;3
27688;0;3
27700;0;3
27714;0;3
27716;0;3
27729;317.43;3
27749;364.79;3
27756;0;3
27764;0;3
27772;0;3
27784;1243.67;3
27790;862.04;3
27796;0;3
27834;0;3
27843;0;3
27853;455.51;3
27875;485.75;3
27876;0;3
27881;0;3
27882;0;3
27888;0;3
27899;0;3
27905;0;3
27907;0;3
27912;0;3
27925;0;3
27932;0;3
27940;0;3
27944;0;3
27947;432.1;3
27950;0;3
27954;0;3
27962;0;3
27967;0;3
27986;0;3
27994;0;3
28020;0;3
28034;1911.11;3
28042;1636.23;3
28044;0;3
28046;1397.46;3
28051;0;3
28066;0;3
28076;0;3
28077;0;3
28084;1311.42;3
28087;0;3
28089;0;3
28093;591.51;3
28099;0;3
28107;0;3
28110;0;3
28119;0;3
28120;0;3
28125;0;3
28145;0;3
28151;0;3
28158;0;3
28163;0;3
28169;0;3
28181;0;3
28182;0;3
28184;0;3
28188;422.78;3
28192;2349.94;3
28193;862.18;3
28216;0;3
28218;0;3
28222;0;3
28238;0;3
28241;0;3
28248;0;3
28250;0;3
28262;0;3
28263;317.79;3
28267;0;3
28269;173.74;3
28271;0;3
28273;1117.64;3
28306;0;3
28316;1605.67;3
28317;0;3
28329;0;3
28332;0;3
28335;1895.35;3
28345;0;3
28348;0;3
28353;0;3
28355;0;3
28362;1868.14;3
28374;0;3
28379;0;3
28383;0;3
28401;986.89;3
28406;0;3
28409;0;3
28410;699.18;3
28420;0;3
28422;0;3
28424;0;3
28427;1601.93;3
28439;932.67;3
28440;1809.48;3
28443;0;3
28449;0;3
28453;193.99;3
28462;790.64;3
28479;0;3
28481;0;3
28488;0;3
28495;0;3
28505;982.42;3
28507;0;3
28510;615.57;3
28528;0;3
28531;0;3
28548;0;3
28549;0;3
28556;0;3
28563;0;3
28570;0;3
28571;0;3
28572;0;3
28576;352.35;3
28577;0;3
28582;0;3
28595;0;3
28606;0;3
28607;594.46;3
28611;498.31;3
28619;0;3
28623;0;3
28629;601.49;3
28635;434.95;3
28641;0;3
28646;440.39;3
28652;191.03;3
28653;0;3
28669;0;3
28673;0;3
28677;0;3
28679;0;3
28694;459.57;3
28699;0;3
28718;0;3
28724;0;3
28729;0;3
28731;0;3
28739;300.82;3
28740;0;3
28742;0;3
28747;0;3
28752;0;3
28764;2040;3
28767;0;3
28785;0;3
28790;0;3
28794;453.06;3
28809;0;3
28813;0;3
28816;0;3
28840;0;3
28841;0;3
28861;0;3
28881;428.27;3
28890;0;3
28899;0;3
28903;0;3
28910;0;3
28911;0;3
28932;0;3
28936;0;3
28942;0;3
28950;0;3
28956;0;3
28966;0;3
28967;1208.59;3
28973;0;3
28976;530.14;3
28978;0;3
28980;0;3
28984;0;3
28986;844.83;3
28993;0;3
28998;0;3
29007;0;3
29024;0;3
29030;0;3
29035;0;3
29043;0;3
29066;0;3
29078;0;3
29082;0;3
29084;0;3
29098;712.95;3
29100;0;3
29107;0;3
29110;0;3
29120;0;3
29126;0;3
29130;0;3
29132;2831.01;3
29139;0;3
29140;0;3
29149;0;3
29154;0;3
29159;0;3
29178;0;3
29182;0;3
29194;631.19;3
29202;291.4;3
29215;759.84;3
29217;0;3
29229;0;3
29231;0;3
29232;771.13;3
29233;0;3
29275;653.84;3
29277;0;3
29286;0;3
29287;0;3
29288;0;3
29290;1221.76;3
29291;0;3
29318;365.04;3
29334;0;3
29335;452.45;3
29336;2634.55;3
29338;0;3
29339;0;3
29347;0;3
29381;6794.24;3
29389;475.04;3
29398;0;3
29403;538.63;3
29413;547.35;3
29417;0;3
29423;2683.39;3
29429;819.19;3
29441;974.21;3
29458;0;3
29463;542.36;3
29470;0;3
29486;719.36;3
29508;0;3
29518;681.92;3
29531;0;3
29542;0;3
29562;0;3
29563;359.92;3
29570;0;3
29582;0;3
29599;0;3
29608;1238.11;3
29644;0;3
29652;0;3
29657;0;3
29675;0;3
29677;0;3
29680;0;3
29708;894.11;3
29725;1186.45;3
29732;286.95;3
29733;0;3
29738;0;3
29744;0;3
29758;0;3
29760;381.76;3
29766;2757.6;3
29794;0;3
29798;0;3
29799;0;3
29802;0;3
29810;582.81;3
29818;0;3
29826;0;3
29839;0;3
29844;0;3
29849;0;3
29850;0;3
29851;0;3
29852;0;3
29868;0;3
29875;0;3
29880;0;3
29883;0;3
29899;0;3
29901;0;3
29914;0;3
29949;0;3
29951;0;3
29952;0;3
29956;0;3
29957;0;3
29968;0;3
29970;0;3
29972;0;3
29990;0;3
29997;0;3
29998;669.48;3
30011;779.36;3
30017;0;3
30025;772.86;3
30030;0;3
30033;0;3
30039;0;3
30045;0;3
30066;0;3
30067;0;3
30068;0;3
30071;0;3
30083;822.13;3
30092;2411.98;3
30098;0;3
30099;0;3
30101;934.98;3
30108;0;3
30109;0;3
30119;0;3
30120;0;3
30121;0;3
30130;1467.67;3
30161;0;3
30162;0;3
30164;0;3
30165;686.52;3
30194;978.1;3
30203;0;4
30209;0;4
30213;0;4
30214;0;4
30215;0;4
30217;0;4
30220;0;4
30228;0;4
30230;951.06;4
30243;326.7;4
30253;0;4
30260;0;4
30264;501.94;4
30277;0;4
30292;1302.28;4
30306;0;4
30310;0;4
30314;724.57;4
30325;1480.71;4
30326;0;4
30335;0;4
30336;0;4
30337;0;4
30340;1364.9;4
30344;440.9;4
30361;0;4
30373;309.87;4
30375;0;4
30382;0;4
30391;471.37;4
30400;0;4
30431;0;4
30446;749.77;4
30448;577.27;4
30451;0;4
30455;389.87;4
30460;0;4
30461;0;4
30478;756.46;4
30480;659.02;4
30490;0;4
30509;0;4
30512;0;4
30514;0;4
30546;0;4
30553;0;4
30575;337.34;4
30580;0;4
30588;0;4
30592;0;4
30599;2448.43;4
30603;0;4
30612;415.11;4
30622;0;4
30632;0;4
30633;0;4
30637;0;4
30646;0;4
30656;0;4
30658;0;4
30679;0;4
30680;0;4
30681;0;4
30682;0;4
30688;0;4
30698;0;4
30701;0;4
30706;783.54;4
30707;826.53;4
30717;773.12;4
30728;365.84;4
30742;0;4
30763;0;4
30769;1202.84;4
30773;0;4
30776;0;4
30777;0;4
30784;519.98;4
30788;310.95;4
30801;0;4
30807;0;4
30842;0;4
30851;0;4
30853;1173.95;4
30871;356.8;4
30872;0;4
30888;443.14;4
30894;0;4
30898;0;4
30901;0;4
30914;0;4
30923;0;4
30943;703.56;4
30944;0;4
30951;535.48;4
30965;0;4
30974;0;4
30978;3150.21;4
30980;0;4
30988;859.61;4
31004;384.58;4
31006;0;4
31008;0;4
31018;0;4
31025;690.37;4
31026;438.85;4
31036;0;4
31050;0;4
31051;407.55;4
31061;339.28;4
31076;272.53;4
31077;0;4
31078;1076.26;4
31091;0;4
31096;0;4
31098;0;4
31106;0;4
31118;604.32;4
31120;0;4
31125;0;4
31127;0;4
31128;1939.81;4
31129;0;4
31144;470.94;4
31145;0;4
31154;0;4
31159;0;4
31163;0;4
31176;0;4
31184;0;4
31194;0;4
31205;418;4
31210;847.46;4
31227;499.12;4
31235;461.22;4
31241;0;4
31245;0;4
31246;717.13;4
31262;628.06;4
31269;0;4
31279;0;4
31281;1286.48;4
31283;337.51;4
31285;435.31;4
31306;1274.9;4
31317;0;4
31326;0;4
31330;0;4
31331;0;4
31338;0;4
31347;0;4
31361;394.87;4
31373;595.73;4
31375;0;4
31381;479.31;4
31387;0;4
31392;2316.1;4
31397;0;4
31400;738.46;4
31401;327.9;4
31406;0;4
31409;0;4
31412;400.13;4
31418;0;4
31421;0;4
31427;0;4
31429;595.78;4
31456;0;4
31458;0;4
31463;0;4
31468;569.35;4
31485;0;4
31487;0;4
31492;0;4
31493;0;4
31501;0;4
31507;505.3;4
31521;0;4
31532;456.22;4
31541;0;4
31555;912.42;4
31557;0;4
31568;0;4
31583;370.62;4
31587;406.6;4
31588;0;4
31595;0;4
31597;0;4
31602;0;4
31610;0;4
31614;6542.43;4
31625;459.9;4
31651;0;4
31652;0;4
31660;0;4
31665;633.45;4
31670;0;4
31682;823.72;4
31702;0;4
31706;0;4
31726;0;4
31727;693.6;4
31728;0;4
31731;0;4
31759;0;4
31760;0;4
31770;0;4
31773;0;4
31778;0;4
31791;0;4
31793;0;4
31794;0;4
31795;659.79;4
31797;0;4
31798;4422.95;4
31813;0;4
31814;0;4
31828;0;4
31833;0;4
31838;0;4
31841;0;4
31842;708.05;4
31849;0;4
31850;650.96;4
31859;1157.7;4
31868;0;4
31877;0;4
31896;0;4
31897;322.79;4
31900;0;4
31920;0;4
31928;0;4
31932;0;4
31936;0;4
31948;0;4
31956;480.78;4
31969;923.88;4
31980;0;4
31992;0;4
31996;0;4
31998;2274.6;4
32001;486.04;4
32011;646.77;4
32012;4850.59;4
32020;0;4
32021;0;4
32025;492.21;4
32039;0;4
32043;700.1;4
32047;559.28;4
32078;0;4
32083;572.31;4
32087;0;4
32089;710.45;4
32093;789.06;4
32097;0;4
32100;0;4
32104;0;4
32106;0;4
32110;0;4
32116;0;4
32124;0;4
32148;589.46;4
32153;0;4
32155;0;4
32160;0;4
32171;453.77;4
32178;0;4
32179;0;4
32182;0;4
32193;0;4
32208;649.65;4
32219;0;4
32220;958.99;4
32226;0;4
32237;0;4
32239;0;4
32240;0;4
32244;561.86;4
32245;0;4
32246;0;4
32253;0;4
32255;0;4
32258;0;4
32261;0;4
32262;0;4
32269;0;4
32286;0;4
32287;0;4
32288;0;4
32296;0;4
32300;0;4
32301;0;4
32304;338.9;4
32305;1253.78;4
32307;0;4
32334;0;4
32335;0;4
32342;734.72;4
32346;0;4
32347;0;4
32352;0;4
32365;0;4
32374;639.39;4
32378;504.2;4
32381;551.04;4
32386;0;4
32390;0;4
32395;0;4
32413;0;4
32423;0;4
32428;192.2;4
32461;0;4
32467;0;4
32474;0;4
32481;0;4
32484;5498.32;4
32485;0;4
32487;0;4
32499;1237.96;4
32519;0;4
32524;2432.42;4
32537;0;4
32541;0;4
32550;751.76;4
32553;0;4
32566;0;4
32585;0;4
32590;0;4
32591;450.06;4
32594;0;4
32617;0;4
32624;311.95;4
32630;772.52;4
32672;0;4
32685;0;4
32693;0;4
32698;1107.45;4
32711;0;4
32727;0;4
32767;390.71;4
32772;0;4
32773;704.09;4
32782;0;4
32804;0;4
32805;708.49;4
32813;0;4
32817;0;4
32823;0;4
32825;0;4
32829;376.76;4
32838;0;4
32843;940.86;4
32848;0;4
32854;0;4
32861;0;4
32868;0;4
32896;149.38;4
32900;0;4
32906;0;4
32908;0;4
32915;0;4
32919;0;4
32922;0;4
32923;0;4
32934;0;4
32940;0;4
32941;0;4
32942;0;4
32943;517.32;4
32946;0;4
32954;1080.27;4
32969;1225.81;4
32983;0;4
32994;462.02;4
32998;431.12;4
33003;0;4
33013;0;4
33018;0;4
33027;581.3;4
33030;0;4
33034;615.08;4
33038;0;4
33045;0;4
33050;740.19;4
33059;403.06;4
33067;0;4
33068;0;4
33071;0;4
33073;0;4
33080;0;4
33086;1131.63;4
33089;0;4
33090;0;4
33100;0;4
33105;0;4
33106;509.09;4
33117;0;4
33120;0;4
33126;0;4
33128;0;4
33130;0;4
33131;0;4
33133;0;4
33137;0;4
33150;0;4
33159;0;4
33174;0;4
33189;2303.87;4
33190;0;4
33193;0;4
33224;0;4
33228;0;4
33236;1689.72;4
33243;0;4
33250;477.17;4
33257;0;4
33260;0;4
33262;0;4
33269;0;4
33278;0;4
33284;0;4
33300;0;4
33304;0;4
33306;204.7;4
33310;2420.34;4
33325;0;4
33328;0;4
33329;0;4
33333;0;4
33339;0;4
33361;0;4
33368;0;4
33372;0;4
33379;0;4
33386;500.64;4
33391;799.48;4
33398;0;4
33409;0;4
33410;1257.37;4
33421;0;4
33422;0;4
33423;0;4
33435;1311.54;4
33448;561.64;4
33485;353.52;4
33490;0;4
33493;0;4
33497;482.18;4
33498;501.18;4
33524;0;4
33529;0;4
33537;0;4
33558;2050.05;4
33570;0;4
33585;0;4
33599;0;4
33607;0;4
33608;0;4
33612;0;4
33613;616.23;4
33615;0;4
33619;0;4
33632;0;4
33633;0;4
33636;0;4
33646;756.74;4
33651;360.04;4
33652;0;4
33656;0;4
33659;0;4
33671;367.5;4
33672;397.49;4
33686;585.67;4
33696;0;4
33716;0;4
33718;0;4
33725;0;4
33729;955.9;4
33751;0;4
33755;804.06;4
33757;0;4
33760;0;4
33765;1105.86;4
33781;0;4
33793;379.69;4
33799;0;4
33808;0;4
33809;764.19;4
33810;0;4
33811;0;4
33817;0;4
33857;0;4
33858;429.27;4
33870;0;4
33873;0;4
33879;1750.97;4
33890;0;4
33897;0;4
33907;551.38;4
33915;0;4
33916;0;4
33921;840.56;4
33924;376.92;4
33926;0;4
33930;0;4
33934;320.11;4
33941;0;4
33943;0;4
33952;0;4
33961;568.05;4
33962;0;4
33964;0;4
33970;0;4
33975;0;4
33977;0;4
33981;0;4
33983;0;4
33989;0;4
33994;0;4
34004;0;4
34015;0;4
34019;0;4
34021;0;4
34029;0;4
34030;0;4
34049;908.61;4
34065;0;4
34070;0;4
34078;0;4
34080;0;4
34087;0;4
34095;0;4
34101;0;4
34111;0;4
34118;0;4
34123;0;4
34125;451.07;4
34129;0;4
34134;0;4
34144;0;4
34147;0;4
34149;0;4
34152;0;4
34155;0;4
34156;0;4
34193;0;4
34197;0;4
34206;0;4
34215;0;4
34218;0;4
34222;0;4
34223;0;4
34227;778.22;4
34234;0;4
34242;0;4
34243;0;4
34260;0;4
34264;0;4
34280;0;4
34281;689.77;4
34290;0;4
34292;0;4
34295;0;4
34308;0;4
34312;0;4
34319;0;4
34322;0;4
34325;0;4
34335;357.6;4
34337;0;4
34338;0;4
34346;0;4
34355;0;4
34356;440.41;4
34357;0;4
34361;449.14;4
34367;0;4
34376;570.15;4
34380;2128.28;4
34382;427.39;4
34383;1008.01;4
34392;0;4
34397;751.64;4
34416;0;4
34419;0;4
34429;774.2;4
34437;1445.35;4
34442;1741.49;4
34443;0;4
34455;0;4
34464;0;4
34468;0;4
34473;0;4
34493;1284.48;4
34499;0;4
34507;0;4
34509;834.41;4
34513;1173.07;4
34523;0;4
34524;0;4
34529;280.75;4
34555;749.94;4
34560;0;4
34562;0;4
34566;1941.53;4
34571;803.45;4
34583;0;4
34602;0;4
34620;0;4
34630;0;4
34653;0;4
34654;0;4
34669;833.42;4
34679;0;4
34680;396.65;4
34694;648.94;4
34713;0;4
34714;0;4
34719;0;4
34724;0;4
34742;0;4
34766;335.83;4
34774;0;4
34820;0;4
34827;0;4
34845;0;4
34847;0;4
34849;0;4
34850;0;4
34867;0;4
34868;0;4
34878;602.41;4
34883;0;4
34885;1193.16;4
34893;0;4
34900;0;4
34906;0;4
34923;0;4
34926;0;4
34940;0;4
34942;0;4
34945;1188.93;4
34952;0;4
34965;0;4
34967;1103.54;4
34969;0;4
34973;0;4
34974;0;4
34978;403.55;4
34981;693.63;4
35019;575.05;4
35028;0;4
35036;0;4
35066;0;4
35071;0;4
35075;0;4
35081;0;4
35095;0;4
35118;0;4
35119;0;4
35122;536.23;4
35127;0;4
35129;311.58;4
35136;0;4
35156;0;4
35163;0;4
35167;0;4
35169;793.1;4
35180;0;4
35182;940.94;4
35187;0;4
35191;800.01;4
35208;436.54;4
35229;0;4
35235;0;4
35270;0;4
35277;702.79;4
35299;434.86;4
35305;0;4
35309;0;4
35314;0;4
35319;0;4
35326;0;4
35332;599;4
35343;400;4
35357;590.17;4
35364;0;4
35366;0;4
35367;914.1;4
35381;0;4
35382;0;4
35390;0;4
35398;723.91;4
35399;0;4
35408;261.25;4
35438;0;4
35442;0;4
35446;0;4
35451;779.55;4
35456;0;4
35471;432.44;4
35472;0;4
35477;0;4
35491;0;4
35493;606.73;4
35496;0;4
35505;0;4
35507;0;4
35512;0;4
35524;0;4
35530;0;4
35535;0;4
35538;0;4
35541;0;4
35544;0;4
35552;573.29;4
35554;947.53;4
35555;0;4
35556;0;4
35564;0;4
35566;0;4
35568;0;4
35577;0;4
35592;0;4
35593;0;4
35597;0;4
35599;0;4
35602;0;4
35615;0;4
35616;0;4
35619;760.79;4
35625;0;4
35629;0;4
35638;685.18;4
35640;0;4
35649;538.74;4
35652;0;4
35658;0;4
35669;416.72;4
35684;0;4
35685;0;4
35686;0;4
35690;0;4
35705;1491.13;4
35709;0;4
35717;0;4
35718;0;4
35724;0;4
35726;0;4
35732;0;4
35739;0;4
35741;0;4
35751;0;4
35756;0;4
35762;0;4
35774;0;4
35783;847.51;4
35785;0;4
35794;489.71;4
35795;0;4
35814;329.37;4
35816;623.24;4
35824;0;4
35829;0;4
35831;0;4
35835;0;4
35836;0;4
35837;0;4
35841;285.44;4
35846;0;4
35857;270.76;4
35866;0;4
35884;0;4
35890;0;4
35892;0;4
35901;529.11;4
35902;0;4
35903;0;4
35920;0;4
35921;0;4
35937;0;4
35940;0;4
35947;0;4
35954;0;4
35966;313.25;4
35972;1296.97;4
35976;0;4
35978;0;4
35988;525.76;4
36001;0;4
36004;0;4
36007;0;4
36009;0;4
36013;771.24;4
36032;0;4
36038;0;4
36040;0;4
36041;0;4
36046;698.24;4
36052;827.33;4
36061;0;4
36069;490.82;4
36073;0;4
36081;453.82;4
36098;0;4
36099;0;4
36113;538.21;4
36114;937.22;4
36119;0;4
36147;0;4
36156;0;4
36158;0;4
36181;0;4
36187;630.91;4
36189;0;4
36220;1924.31;4
36222;0;4
36254;0;4
36269;0;4
36277;0;4
36283;283.32;4
36288;0;4
36290;881.59;4
36292;0;4
36301;0;4
36306;0;4
36309;0;4
36331;1544.86;4
36339;1018.79;4
36343;0;4
36350;0;4
36362;0;4
36363;0;4
36376;404.21;4
36377;0;4
36390;0;4
36393;0;4
36401;0;4
36402;1166.82;4
36408;0;4
36431;0;4
36447;0;4
36451;0;4
36462;0;4
36463;0;4
36471;317.81;4
36481;0;4
36494;0;4
36507;0;4
36521;0;4
36526;0;4
36535;0;4
36550;0;4
36552;0;4
36577;0;4
36597;0;4
36607;0;4
36614;1218.82;4
36615;655.81;4
36621;0;4
36629;0;4
36641;0;4
36645;0;4
36646;706.55;4
36649;0;4
36663;0;4
36666;0;4
36667;0;4
36668;0;4
36669;0;4
36670;0;4
36673;0;4
36685;0;4
36703;0;4
36719;0;4
36720;0;4
36722;0;4
36744;0;4
36753;0;4
36760;632.28;4
36761;924.64;4
36763;1596.57;4
36775;0;4
36776;0;4
36779;0;4
36800;0;4
36806;0;4
36821;0;4
36822;0;4
36831;0;4
36832;0;4
36850;0;4
36853;847.14;4
36854;490.02;4
36876;447.05;4
36878;0;4
36894;0;4
36897;750;4
36908;0;4
36919;1620.16;4
36935;0;4
36936;279.18;4
36940;0;4
36943;0;4
36948;548.19;4
36957;0;4
36958;632.81;4
36967;1177.48;4
36979;358.29;4
36998;0;4
37000;0;4
37013;0;4
37017;413.78;4
37033;0;4
37042;1176.27;4
37051;308.93;4
37067;0;4
37086;420.59;4
37095;624.76;4
37099;0;4
37103;0;4
37106;926.25;4
37113;956.3;4
37118;0;4
37128;0;4
37133;0;4
37137;612.41;4
37171;0;4
37193;0;4
37196;0;4
37208;0;4
37213;0;4
37215;539.21;4
37218;0;4
37224;0;4
37244;430.33;4
37246;0;4
37250;0;4
37265;0;4
37267;0;4
37268;0;4
37271;1058.76;4
37281;2063.5;4
37291;0;4
37292;709.35;4
37298;0;4
37301;0;4
37302;920.48;4
37316;0;4
37329;0;4
37331;414.71;4
37338;1437.99;4
37354;0;4
37356;360.48;4
37357;1042.95;4
37359;0;4
37368;0;4
37381;0;4
37385;0;4
37406;539.85;4
37413;0;4
37416;0;4
37431;0;4
37446;0;4
37454;3229.45;4
37458;0;4
37463;0;4
37470;1245.65;4
37472;0;4
37476;0;4
37480;0;4
37490;0;4
37503;328.46;4
37511;0;4
37518;0;4
37526;0;4
37533;323.04;4
37534;527.52;4
37550;621.01;4
37561;0;4
37563;2303.17;4
37567;0;4
37586;0;4
37595;0;4
37597;0;4
37602;0;4
37606;425.41;4
37608;0;4
37636;0;4
37638;0;4
37654;367.67;4
37662;1257.72;4
37673;0;4
37674;725.29;4
37695;0;4
37720;364.38;4
37736;1167;4
37738;1318.88;4
37743;257.48;4
37754;0;5
37762;0;5
37785;0;5
37792;923.39;5
37803;0;5
37821;0;5
37825;0;5
37828;0;5
37832;892.83;5
37840;0;5
37853;324.91;5
37862;0;5
37868;551.88;5
37874;0;5
37880;0;5
37888;0;5
37909;1552.6;5
37914;0;5
37921;0;5
37937;0;5
37939;305.23;5
37945;0;5
37961;0;5
37964;0;5
37971;0;5
37988;0;5
37990;0;5
38019;0;5
38020;0;5
38022;539.96;5
38025;500.98;5
38047;0;5
38049;364.28;5
38051;779.66;5
38055;910;5
38064;0;5
38065;0;5
38070;245.3;5
38072;0;5
38073;0;5
38077;520.49;5
38079;412.87;5
38084;322.27;5
38092;0;5
38095;0;5
38096;0;5
38103;0;5
38119;679.91;5
38124;0;5
38132;0;5
38138;0;5
38144;0;5
38158;0;5
38169;0;5
38170;0;5
38174;491.15;5
38182;0;5
38185;0;5
38187;0;5
38195;248.54;5
38208;688.48;5
38210;261.58;5
38216;582.63;5
38217;0;5
38219;0;5
38225;462.51;5
38239;0;5
38255;0;5
38261;0;5
38271;0;5
38278;0;5
38288;0;5
38295;0;5
38297;0;5
38301;1631.32;5
38308;1046.14;5
38313;242.07;5
38332;0;5
38341;451.07;5
38346;0;5
38358;617.14;5
38362;367.81;5
38369;0;5
38373;0;5
38376;0;5
38384;1994.19;5
38406;0;5
38429;0;5
38436;0;5
38440;302.99;5
38442;0;5
38451;467.15;5
38455;0;5
38457;0;5
38470;0;5
38473;0;5
38475;0;5
38482;0;5
38485;0;5
38492;0;5
38509;1037.16;5
38513;0;5
38519;804.82;5
38523;583.63;5
38524;0;5
38536;0;5
38537;0;5
38565;2937.6;5
38567;0;5
38573;0;5
38578;0;5
38579;654.6;5
38614;0;5
38615;0;5
38621;0;5
38643;0;5
38651;0;5
38655;509.44;5
38659;0;5
38661;0;5
38678;0;5
38680;141.12;5
38684;0;5
38687;0;5
38696;0;5
38700;0;5
38710;0;5
38713;927.88;5
38734;1362.51;5
38743;1028.21;5
38764;2253.15;5
38770;0;5
38774;0;5
38793;0;5
38795;0;5
38798;432.76;5
38806;346.74;5
38817;0;5
38822;0;5
38825;0;5
38826;593.11;5
38828;0;5
38836;1806.46;5
38843;0;5
38845;540.63;5
38846;358.95;5
38854;0;5
38864;0;5
38865;0;5
38883;0;5
38903;99.93;5
38907;0;5
38911;0;5
38912;753.29;5
38928;981.32;5
38929;294.95;5
38930;810.32;5
38957;5773.83;5
38985;509.19;5
38989;1463.58;5
39001;327.16;5
39019;772.2;5
39025;0;5
39026;0;5
39031;1218.31;5
39033;0;5
39037;0;5
39050;0;5
39070;535.25;5
39086;470.16;5
39088;0;5
39090;0;5
39095;582.76;5
39100;361.13;5
39110;520.08;5
39133;1286.19;5
39143;284.01;5
39147;0;5
39148;0;5
39150;1930.6;5
39164;470.45;5
39168;0;5
39171;0;5
39172;0;5
39183;0;5
39205;0;5
39206;253.47;5
39223;0;5
39231;443.75;5
39239;0;5
39240;627.29;5
39243;0;5
39247;0;5
39249;0;5
39261;820.74;5
39262;523.91;5
39265;2543.43;5
39270;0;5
39273;0;5
39282;350.31;5
39297;828.27;5
39301;0;5
39314;736.98;5
39319;0;5
39322;0;5
39324;0;5
39328;0;5
39329;0;5
39342;0;5
39352;455.99;5
39353;0;5
39356;0;5
39358;796.89;5
39360;0;5
39361;360.65;5
39363;0;5
39367;0;5
39373;374.96;5
39383;0;5
39387;253.68;5
39403;0;5
39408;0;5
39412;656.9;5
39415;253.38;5
39416;1646.02;5
39434;299.49;5
39438;372.02;5
39439;0;5
39448;257.58;5
39463;588.56;5
39464;0;5
39467;1203.89;5
39471;0;5
39482;0;5
39490;0;5
39496;0;5
39501;527.89;5
39520;0;5
39529;0;5
39534;688.35;5
39541;0;5
39547;0;5
39550;0;5
39565;603.61;5
39567;0;5
39577;1040.78;5
39591;587.75;5
39592;0;5
39595;0;5
39601;2170.22;5
39605;282.81;5
39609;0;5
39610;769.39;5
39611;253.37;5
39616;0;5
39638;0;5
39639;0;5
39640;713.34;5
39642;782.94;5
39649;0;5
39653;0;5
39665;0;5
39670;0;5
39677;0;5
39686;0;5
39687;0;5
39731;292.79;5
39742;390;5
39745;0;5
39748;0;5
39749;0;5
39756;0;5
39759;0;5
39763;0;5
39764;0;5
39772;0;5
39780;0;5
39781;0;5
39784;0;5
39789;745.53;5
39793;0;5
39796;272.99;5
39799;275.64;5
39816;893.05;5
39826;0;5
39831;0;5
39847;0;5
39853;0;5
39874;0;5
39883;777.79;5
39886;0;5
39888;0;5
39890;0;5
39897;1283.75;5
39920;402.81;5
39925;948.22;5
39939;0;5
39945;0;5
39951;0;5
39956;633.27;5
39988;492.9;5
39998;0;5
40001;0;5
40009;1194.56;5
40021;0;5
40026;0;5
40027;0;5
40037;248.63;5
40046;0;5
40049;0;5
40058;367.05;5
40059;0;5
40061;0;5
40084;0;5
40092;0;5
40102;228.43;5
40109;2134.89;5
40114;0;5
40118;243.68;5
40127;0;5
40130;0;5
40134;487.47;5
40142;826.61;5
40166;0;5
40181;0;5
40193;0;5
40206;509.45;5
40211;0;5
40232;0;5
40235;0;5
40238;0;5
40245;0;5
40253;0;5
40256;0;5
40269;0;5
40306;0;5
40327;571.83;5
40329;0;5
40331;0;5
40344;0;5
40346;524.53;5
40349;582.89;5
40356;0;5
40363;0;5
40400;0;5
40401;0;5
40407;622.46;5
40414;0;5
40419;0;5
40431;0;5
40443;274.63;5
40448;0;5
40449;270.28;5
40463;298.7;5
40473;452.12;5
40476;0;5
40487;827.1;5
40504;0;5
40507;0;5
40525;440.94;5
40527;0;5
40530;702.77;5
40542;0;5
40543;0;5
40544;0;5
40549;0;5
40550;289.32;5
40560;0;5
40567;1104.94;5
40574;0;5
40576;0;5
40581;0;5
40592;0;5
40593;0;5
40601;0;5
40604;0;5
40610;939.04;5
40615;0;5
40618;0;5
40623;0;5
40628;0;5
40629;0;5
40635;0;5
40641;0;5
40652;310.78;5
40659;248.24;5
40683;0;5
40701;0;5
40705;269.63;5
40711;3088.07;5
40717;0;5
40720;0;5
40721;483.35;5
40731;0;5
40732;0;5
40737;0;5
40741;0;5
40742;372.13;5
40744;0;5
40756;0;5
40767;0;5
40769;338.4;5
40771;0;5
40801;0;5
40815;0;5
40837;0;5
40846;0;5
40853;902.19;5
40862;1030.12;5
40864;569.87;5
40876;0;5
40879;1144.31;5
40882;0;5
40889;0;5
40892;0;5
40893;615.97;5
40896;0;5
40908;0;5
40913;1184.5;5
40917;0;5
40924;0;5
40927;0;5
40931;0;5
40932;0;5
40933;4838.23;5
40940;0;5
40941;0;5
40945;0;5
40947;0;5
40963;0;5
40974;0;5
40978;0;5
40981;0;5
40993;0;5
41018;985.25;5
41024;0;5
41026;0;5
41030;528.77;5
41032;336.32;5
41039;0;5
41042;378.73;5
41044;0;5
41045;668.22;5
41050;2301.65;5
41052;0;5
41055;275.46;5
41064;0;5
41092;0;5
41094;0;5
41103;0;5
41108;259.39;5
41109;0;5
41116;0;5
41129;343.54;5
41133;0;5
41148;684.3;5
41151;746.28;5
41153;0;5
41171;0;5
41174;0;5
41189;871.79;5
41198;1370.61;5
41210;0;5
41217;438.83;5
41218;485.34;5
41227;784.16;5
41229;0;5
41246;0;5
41247;0;5
41248;0;5
41257;0;5
41263;288.35;5
41266;0;5
41267;0;5
41280;0;5
41290;0;5
41324;0;5
41341;0;5
41347;0;5
41366;0;5
41368;452.3;5
41369;0;5
41383;889.81;5
41384;0;5
41390;0;5
41391;0;5
41413;695.96;5
41426;0;5
41432;440.16;5
41444;598.07;5
41445;265.71;5
41447;0;5
41456;348.22;5
41461;1607.61;5
41462;1477.79;5
41463;0;5
41478;0;5
41482;0;5
41500;247.05;5
41504;0;5
41505;724.61;5
41521;0;5
41524;3695.52;5
41526;0;5
41533;0;5
41540;0;5
41555;469.77;5
41556;0;5
41572;0;5
41580;0;5
41592;0;5
41597;0;5
41602;0;5
41603;927.38;5
41604;0;5
41622;0;5
41646;0;5
41647;0;5
41649;0;5
41651;505.12;5
41652;977.87;5
41660;0;5
41664;770.94;5
41678;0;5
41685;0;5
41695;2368.96;5
41706;0;5
41712;0;5
41723;0;5
41756;250.53;5
41757;0;5
41758;0;5
41762;466.39;5
41766;0;5
41779;599.93;5
41789;274.09;5
41792;0;5
41800;0;5
41819;217.17;5
41831;0;5
41835;0;5
41844;373.47;5
41848;0;5
41849;560.74;5
41852;731.34;5
41855;709.99;5
41858;270.92;5
41865;311.54;5
41871;782.06;5
41872;1126.5;5
41875;695.88;5
41888;269.05;5
41926;657.27;5
41927;569.99;5
41935;0;5
41936;0;5
41937;0;5
41944;295.82;5
41958;0;5
41966;0;5
41977;0;5
41981;0;5
41991;0;5
42004;0;5
42014;0;5
42016;0;5
42040;250.24;5
42041;0;5
42042;0;5
42053;0;5
42060;0;5
42067;0;5
42077;0;5
42085;0;5
42086;0;5
42087;831.91;5
42099;429.49;5
42104;693.64;5
42124;0;5
42126;618.43;5
42128;349.55;5
42129;0;5
42134;0;5
42136;452.84;5
42168;237.58;5
42179;0;5
42187;394.79;5
42194;528.6;5
42197;0;5
42198;0;5
42209;0;5
42210;0;5
42217;0;5
42218;314.25;5
42227;1451.38;5
42232;0;5
42233;763.95;5
42237;0;5
42242;0;5
42249;0;5
42251;0;5
42253;0;5
42256;0;5
42261;0;5
42263;0;5
42266;692.67;5
42269;296.87;5
42282;686.35;5
42293;315.91;5
42308;0;5
42316;0;5
42318;0;5
42321;230.04;5
42326;0;5
42332;816.19;5
42333;0;5
42334;0;5
42338;0;5
42340;0;5
42341;0;5
42344;0;5
42345;0;5
42361;0;5
42371;0;5
42380;0;5
42384;0;5
42390;0;5
42396;1560.33;5
42401;465.18;5
42402;0;5
42404;0;5
42408;256.44;5
42409;0;5
42422;0;5
42431;427.8;5
42440;0;5
42446;0;5
42447;0;5
42449;0;5
42456;0;5
42457;0;5
42461;0;5
42463;0;5
42468;0;5
42470;0;5
42471;0;5
42472;0;5
42477;0;5
42485;0;5
42490;412.33;5
42493;0;5
42497;0;5
42500;0;5
42511;0;5
42519;0;5
42543;338.79;5
42545;367.19;5
42549;455.01;5
42562;0;5
42569;790.14;5
42573;0;5
42579;0;5
42593;882.46;5
42596;0;5
42598;0;5
42606;0;5
42611;0;5
42613;0;5
42614;430.98;5
42619;0;5
42625;0;5
42626;0;5
42637;0;5
42638;358.58;5
42639;0;5
42650;0;5
42656;0;5
42675;316.99;5
42689;483.89;5
42690;0;5
42694;1380.52;5
42716;0;5
42734;0;5
42768;375.23;5
42778;0;5
42779;1002.13;5
42799;361.32;5
42804;631.9;5
42808;267.46;5
42811;0;5
42819;0;5
42830;0;5
42842;0;5
42847;528.22;5
42849;0;5
42870;0;5
42871;0;5
42880;0;5
42887;0;5
42898;0;5
42899;0;5
42901;340.4;5
42911;0;5
42912;0;5
42915;0;5
42922;1279.6;5
42929;0;5
42930;0;5
42935;0;5
42936;0;5
42952;0;5
42956;0;5
42962;0;5
42965;0;5
42976;0;5
42977;445.12;5
42983;507.51;5
42994;0;5
42997;0;5
43013;0;5
43017;299.07;5
43040;0;5
43047;553.74;5
43051;0;5
43061;0;5
43067;0;5
43070;0;5
43082;293.87;5
43083;0;5
43092;0;5
43099;0;5
43105;774.23;5
43120;280.07;5
43126;0;5
43140;0;5
43144;0;5
43151;0;5
43164;752.64;5
43174;0;5
43211;303.49;5
43213;417.53;5
43222;0;5
43232;0;5
43241;334.22;5
43246;0;5
43251;0;5
43272;0;5
43277;487.38;5
43285;331.04;5
43287;564.83;5
43291;0;5
43292;0;5
43293;0;5
43297;0;5
43299;0;5
43303;0;5
43323;336.14;5
43329;401.99;5
43337;0;5
43338;372.66;5
43349;903.11;5
43351;0;5
43381;0;5
43385;916.62;5
43403;0;5
43411;0;5
43415;0;5
43418;0;5
43419;519.85;5
43427;926.11;5
43432;409.56;5
43447;0;5
43450;0;5
43458;284.92;5
43461;872.66;5
43477;0;5
43488;0;5
43507;0;5
43510;0;5
43523;764.62;5
43531;0;5
43534;0;5
43535;0;5
43538;0;5
43546;0;5
43550;0;5
43551;694.87;5
43575;262.16;5
43584;996.75;5
43592;0;5
43593;601.47;5
43616;0;5
43617;0;5
43620;0;5
43628;0;5
43630;0;5
43633;0;5
43638;293.93;5
43644;326.77;5
43645;0;5
43654;1280.58;5
43658;793.21;5
43659;0;5
43662;0;5
43682;0;5
43686;0;5
43693;1077.72;5
43701;564.07;5
43707;289.46;5
43731;786.32;5
43734;256.56;5
43736;0;5
43737;633.62;5
43745;0;5
43751;0;5
43752;0;5
43780;262.43;5
43783;0;5
43786;1077.06;5
43787;2045.53;5
43789;357.39;5
43793;0;5
43797;0;5
43806;0;5
43807;0;5
43821;694.19;5
43855;0;5
43859;334.06;5
43861;0;5
43868;0;5
43869;0;5
43875;0;5
43883;418.85;5
43890;0;5
43911;0;5
43912;593.51;5
43913;0;5
43926;0;5
43928;0;5
43930;546.96;5
43943;0;5
43948;0;5
43952;0;5
43966;0;5
43967;0;5
43978;0;5
44002;0;5
44013;0;5
44018;297.49;5
44021;0;5
44028;0;5
44039;0;5
44044;0;5
44045;0;5
44052;0;5
44067;0;5
44068;0;5
44069;0;5
44076;819.36;5
44077;364.67;5
44080;0;5
44081;250.77;5
44086;0;5
44090;0;5
44104;0;5
44113;0;5
44118;840.05;5
44127;0;5
44131;591.31;5
44132;0;5
44136;708.22;5
44140;0;5
44144;262.85;5
44145;0;5
44147;0;5
44149;0;5
44150;0;5
44172;340.02;5
44197;561.07;5
44205;0;5
44206;0;5
44209;0;5
44219;318.77;5
44222;0;5
44224;874.14;5
44228;0;5
44238;473.88;5
44255;0;5
44258;0;5
44262;580.3;5
44264;0;5
44271;0;5
44280;275.42;5
44289;0;5
44298;0;5
44300;374.25;5
44306;0;5
44308;0;5
44315;0;5
44325;2518.47;5
44348;0;5
44355;311.09;5
44367;0;5
44372;0;5
44378;0;5
44383;0;5
44388;376.8;5
44393;0;5
44395;0;5
44396;0;5
44400;0;5
44406;0;5
44409;1207.82;5
44415;0;5
44417;0;5
44422;505.18;5
44428;333.9;5
44437;0;5
44471;794.31;5
44478;0;5
44480;0;5
44492;581.68;5
44506;0;5
44507;0;5
44508;964.62;5
44512;1243.61;5
44515;503.35;5
44517;0;5
44520;0;5
44531;0;5
44541;411.52;5
44546;597.04;5
44559;0;5
44573;0;5
44579;0;5
44584;0;5
44597;1627.57;5
44601;0;5
44615;0;5
44622;0;5
44629;0;5
44648;0;5
44649;344.28;5
44653;773.53;5
44675;308.75;5
44677;0;5
44684;0;5
44702;0;5
44706;0;5
44710;0;5
44712;0;5
44715;489.27;5
44719;289.68;5
44724;0;5
44746;0;5
44752;792.83;5
44772;0;5
44784;0;5
44788;573.07;5
44797;0;5
44802;0;5
44820;302.35;5
44839;0;5
44847;832.72;5
44855;0;5
44858;0;5
44859;0;5
44880;0;5
44904;0;5
44917;0;5
44932;0;5
44945;0;5
44958;1300.81;5
44972;0;5
44975;0;5
44982;0;5
44983;260.32;5
44992;0;5
45006;711.95;5
45008;0;5
45025;236.59;5
45032;0;5
45045;276.26;5
45054;0;5
45060;0;5
45071;0;5
45077;600.74;5
45089;773.28;5
45096;0;5
45097;0;5
45099;674.01;5
45113;0;5
45128;0;5
45152;372.04;5
45161;0;5
45165;0;5
45182;0;5
45197;0;5
45198;0;5
45206;0;5
